our topics,reddit topics
Movies&TV,entertainment
Books&Literature,fashion
Food,finance and business
Music,food
Clothes,funny
Family&Relationships,gaming
Education,health & lifestyle
Travel,livestreams
Sports,music
Religion,News
Politics,Outdoors
Health&Medicine,Reading and literature
MassTransit,Relationshios
PersonalTransport,School
Gadgets,Science
Garden,Sports
Beauty,Technology
Home&Design,Travel and Nature
Video Games,Advice
Toys&Games,Animals and Awws
Science&Technology,Art and Design
Leisure,Damn thats interesting
Animals&Pets,DIY and Home
Space,Hobbies
Finance,Beauty
Art&Hobbies,Anime
News,
ArtificialIntelligence,
Job,
Psychology,
Depression,
Celebrities&Events,
Disasters,